Entry_Date,Direction,Shares,Entry_Price,Stop_Loss,Target,Exit_Date,Exit_Price,Trade_Return,Account_Value,Trade_Result
1995-11-16,Long,3002,35.33366439640522,35.000600675476505,35.999791838262645,1995-11-28,35.999791838262645,0.018852486806468824,101999.714580456,Win
1995-12-27,Long,5217,36.73440342114308,36.53890199777556,37.12540626787811,1995-12-28,36.53890199777556,-0.00532202527222732,100979.78365474766,Loss
1996-01-09,Long,6026,36.948519453900616,36.78095159176356,37.283655178174726,1996-01-10,36.78095159176356,-0.004535171222384803,99970.01971750977,Loss
1996-01-18,Short,7158,36.278227763732986,36.41788913072353,35.998905029751896,1996-01-19,36.41788913072353,-0.0038497295926391167,98970.32365259145,Loss
1996-02-22,Long,1610,38.99654044546117,38.38214135501915,40.22533862634521,1996-02-29,38.38214135501915,-0.015755220422726778,97981.1411169798,Loss
1996-03-04,Long,1156,38.74521039506594,37.898047149827214,40.43953688554339,1996-03-08,37.898047149827214,-0.02186497986720466,97001.82040548383,Loss
1996-03-19,Long,1192,39.45962384036128,38.64610510581479,41.086661309454264,1996-03-28,38.64610510581479,-0.020616484785503292,96032.1060739044,Loss
1996-03-29,Long,2334,39.01079061019824,38.5993777348445,39.83361636090572,1996-04-08,38.5993777348445,-0.010546130158310303,95071.86842282877,Loss
1996-05-31,Long,2606,40.31053351197287,39.94585278569436,41.039894964529886,1996-06-03,39.94585278569436,-0.009046784909710795,94121.51045014699,Loss
1996-06-05,Long,5032,40.432077355341086,40.24505711263774,40.80611784074778,1996-06-06,40.80611784074778,0.00925108255307798,96003.68217271348,Win
1996-06-27,Short,3094,39.95071816667218,40.26093118914436,39.33029212172783,1996-06-28,40.26093118914436,-0.007764892264964666,95043.88308118457,Loss
1996-07-22,Short,1872,38.22108992065971,38.7287031433672,37.205863475244726,1996-07-24,37.205863475244726,0.026561943877644878,96944.38698700142,Win
1996-07-30,Short,5729,38.1646752685367,38.33388864151632,37.82624852257746,1996-07-31,38.33388864151632,-0.004433769494669872,95974.96357320118,Loss
1996-08-28,Long,3646,40.27029546608488,40.00712369098584,40.79663901628296,1996-08-29,40.00712369098584,-0.006535133950548708,95015.43928119009,Loss
1996-10-14,Long,2646,42.51846587769042,42.15939564005534,43.23660635296058,1996-10-21,43.23660635296058,0.016890084353842403,96915.63897875494,Win
1996-10-30,Long,1738,42.70742993555471,42.14997250675044,43.822344793163246,1996-11-06,43.822344793163246,0.02610587570572475,98853.36100127858,Win
1996-12-10,Long,1660,45.69315722701997,45.09790947207069,46.88365273691852,1996-12-11,45.09790947207069,-0.01302706556239642,97865.24972806279,Loss
1997-01-06,Long,1585,45.63287039788003,45.01568102429819,46.86724914504372,1997-01-14,46.86724914504372,0.027050210438242215,99821.74004231724,Win
1997-01-30,Long,1282,47.32295218546679,46.544384027296495,48.88008850180738,1997-02-12,48.88008850180738,0.0329044627274711,101817.98879986587,Win
1997-02-25,Long,1165,49.468845565892565,48.59529318685834,51.21595032396101,1997-02-26,48.59529318685834,-0.017658636845904355,100800.300278291,Loss
1997-03-06,Long,1415,48.99406668176517,48.281979289060416,50.418241467174674,1997-03-13,48.281979289060416,-0.014534155683177459,99792.69661761378,Loss
1997-03-26,Short,1805,48.22857602412218,48.78140079861596,47.122926475134605,1997-03-27,47.122926475134605,0.022925195809939857,101788.39405353635,Win
1997-03-31,Short,675,46.913238928685736,48.41920347956868,43.90130982691985,1997-04-29,48.41920347956868,-0.03210105687164782,100771.86798169036,Loss
1997-06-06,Long,9609,51.60267811539204,51.497806295791,51.81242175459411,1997-06-09,51.81242175459411,0.0040645882512735645,102787.2946107831,Win
1997-06-25,Long,1130,54.79855623472942,53.889535731019,56.61659724215025,1997-06-26,53.889535731019,-0.016588402435579314,101760.10144159032,Loss
1997-06-30,Long,7595,54.444499511880736,54.31052640033313,54.712445734975944,1997-07-01,54.31052640033313,-0.0024607281313765938,100742.57565938626,Loss
1997-07-02,Long,1403,54.84639704547417,54.128704193798384,56.28178274882574,1997-07-03,56.28178274882574,0.026171011783353168,102756.42180118851,Win
1997-07-23,Long,725,57.52555327086119,56.10940859019309,60.35784263219738,1997-08-13,56.10940859019309,-0.024617662936680114,101729.71690770413,Loss
1997-08-22,Short,511,55.726653372734326,57.7169157524508,51.74612861330137,1997-09-05,57.7169157524508,-0.03571473001266325,100712.69283166902,Loss
1997-09-29,Long,5243,58.08224991264693,57.890193064718346,58.466363608504096,1997-09-30,58.466363608504096,0.0066132716352217125,102726.60093904815,Win
1997-10-02,Long,2228,58.716127170616055,58.25515460968017,59.63807229248783,1997-10-03,59.63807229248783,0.015701735899454065,104780.69467057845,Win
1997-10-22,Long,1298,59.83011786727683,59.023434545581466,61.44348451066757,1997-10-23,59.023434545581466,-0.01348289708345318,103733.61971901786,Loss
1997-12-17,Long,1742,60.13746627305229,59.54201366936617,61.32837148042453,1997-12-18,59.54201366936617,-0.009901524633287436,102696.34128339664,Loss
1998-01-08,Long,1521,59.43184035806095,58.75691051872409,60.78170003673468,1998-01-09,58.75691051872409,-0.011356367820188472,101669.77299776528,Loss
1998-01-28,Long,941,60.10679381260447,59.02689221736961,62.2665970030742,1998-02-04,62.2665970030742,0.035932763228119766,103702.1477999973,Win
1998-03-09,Long,1536,65.12047172171467,64.44556055659741,66.47029405194917,1998-03-13,66.47029405194917,0.020728079735091956,105775.4748992375,Win
1998-04-13,Long,2025,68.9239937095255,68.40183511512073,69.96831089833505,1998-04-16,68.40183511512073,-0.007575860978186582,104718.10374556783,Loss
1998-04-20,Long,1082,69.31075023489699,68.34381244085043,71.2446258229901,1998-04-24,68.34381244085043,-0.013950762194458522,103671.87705240946,Loss
1998-05-11,Long,1072,69.03999797915766,68.07303978970403,70.97391435806493,1998-05-18,68.07303978970403,-0.01400576792811535,102635.29787331517,Loss
1998-05-20,Long,1263,69.36879773918112,68.55653170217063,70.9933298132021,1998-05-26,68.55653170217063,-0.011709386114265915,101609.40586857092,Loss
1998-08-27,Short,623,66.42723366610976,68.05689731777467,63.16790636277993,1998-08-31,63.16790636277993,0.04906613031204232,103639.9667785454,Win
1998-09-10,Short,356,61.1115019333544,64.02156175072513,55.29138229861294,1998-09-14,64.02156175072513,-0.04761885611229646,102603.98548356141,Loss
1998-09-18,Short,5608,63.7804379633964,63.96337016540415,63.414573559380905,1998-09-21,63.96337016540415,-0.0028681553129618394,101578.10169470195,Loss
1998-12-02,Long,815,73.02823118295727,71.78219813672186,75.52029727542809,1998-12-03,71.78219813672186,-0.017062347342272747,100562.5847620201,Loss
1998-12-07,Long,1033,73.55385956035059,72.58042577403148,75.5007271329888,1998-12-11,72.58042577403148,-0.013234299221516827,99557.02766075246,Loss
1998-12-18,Long,954,73.95449899118158,72.91141443049922,76.0406681125463,1998-12-23,76.0406681125463,0.02820881960965588,101547.2330025344,Win
1999-01-19,Long,502,78.32028285182243,76.29854172749735,82.36376510047258,1999-01-22,76.29854172749735,-0.025813761783139825,100532.31895812321,Loss
1999-01-27,Long,584,78.99417963881884,77.27520180032225,82.432135315812,1999-02-05,77.27520180032225,-0.021760816383639678,99528.43590044121,Loss
1999-02-16,Short,2123,77.97847099731074,78.44727432667545,77.0408643385813,1999-02-17,77.0408643385813,0.01202391694448294,101518.97483692381,Win
1999-03-26,Long,1851,80.59560436198709,80.04734379536397,81.69212549523331,1999-03-29,81.69212549523331,0.013605222541930606,103548.63545456258,Win
1999-03-30,Long,2115,81.41797676132111,80.92849890322864,82.39693247750606,1999-03-31,80.92849890322864,-0.006011913800405378,102513.389784697,Loss
1999-04-05,Long,581,82.04460302501009,80.28232881371369,85.56915144760289,1999-04-23,85.56915144760289,0.04295893078449529,104561.15241822343,Win
1999-05-04,Long,821,84.66845857851972,83.39571508708937,87.21394556138041,1999-05-05,83.39571508708937,-0.015032085298329037,103516.23001175911,Loss
1999-05-06,Long,636,84.23772941745057,82.61249366268605,87.4882009269796,1999-05-12,82.61249366268605,-0.01929344209541142,102482.58007172888,Loss
1999-05-20,Long,872,84.66848317495011,83.4936444969787,87.01816053089293,1999-05-21,83.4936444969787,-0.01387574967587224,101458.12074453781,Loss
1999-06-11,Short,6477,82.22086936278475,82.3774910018677,81.90762608461887,1999-06-14,81.90762608461887,0.0038097782301930606,103486.99745721824,Win
1999-06-29,Long,3293,83.58854831920576,83.27431351044231,84.21701793673265,1999-06-30,84.21701793673265,0.00751860906983222,105556.54790773429,Win
1999-08-20,Short,9771,83.62781950729175,83.735846938979,83.41176464391725,1999-08-23,83.735846938979,-0.0012917642995322672,104501.0118727182,Loss
1999-09-07,Long,1209,85.51330761057008,84.64913684070808,87.24164915029408,1999-09-08,84.64913684070808,-0.010105687570845191,103456.22941195504,Loss
1999-09-22,Short,1346,82.7210410928481,83.48915831855788,81.18480664142852,1999-09-23,81.18480664142852,0.018571265921269866,105524.00098356578,Win
1999-10-27,Short,724,80.90906891103667,82.36650395848058,77.99419881614885,1999-10-28,82.36650395848058,-0.018013247056969932,104468.8180092164,Loss
1999-12-03,Long,624,90.14621978269152,88.47212410310728,93.49441114186,1999-12-09,88.47212410310728,-0.018570891642709513,103424.18230515583,Loss
1999-12-13,Long,2917,89.1417649436018,88.78724782666447,89.85079917747646,1999-12-14,88.78724782666447,-0.003977003564621211,102390.05587504964,Loss
1999-12-16,Long,753,89.61445658271944,88.25541173611428,92.33254627592976,1999-12-23,92.33254627592976,0.03033092870123426,104436.77741403702,Win
2000-01-10,Long,267,92.4010772705078,88.49184338551646,100.21954504049047,2000-01-24,88.49184338551646,-0.04230723277767532,103393.01196674434,Loss
2000-02-10,Short,575,89.47905523371749,91.2757501583188,85.88566538451487,2000-02-18,85.88566538451487,0.04015900525342787,105459.21113003584,Win
2000-03-08,Short,452,86.22131936582801,88.55106631674661,81.5618254639908,2000-03-09,88.55106631674661,-0.027020543968177206,104406.16550822063,Loss
2000-04-03,Long,976,95.09037923261154,94.02152051156696,97.2280966747007,2000-04-04,94.02152051156696,-0.01124045071299925,103362.95939648112,Loss
2000-04-07,Long,636,96.00096713202676,94.3778236253699,99.24725414534048,2000-04-11,94.3778236253699,-0.016907574529167056,102330.64012624735,Loss
2000-05-01,Short,1245,92.83390011120692,93.65533388110292,91.19103257141491,2000-05-03,91.19103257141491,0.017696849295612868,104376.0102132884,Win
2000-05-19,Short,439,90.30028747815383,92.67558661396856,85.54968920652438,2000-06-02,92.67558661396856,-0.026304447108093425,103333.25389266574,Loss
2000-06-14,Long,450,93.90281476956343,91.60667543170968,98.49509344527095,2000-06-23,91.60667543170968,-0.02445229510412933,102299.99119063155,Loss
2000-07-05,Long,1356,92.9333928997597,92.1795134015228,94.44115189623349,2000-07-06,92.1795134015228,-0.008112041051272624,101277.73059102232,Loss
2000-07-07,Long,646,93.1318306827324,91.56441593660908,96.26666017497904,2000-07-17,96.26666017497904,0.033660129616971735,103302.83044301365,Win
2000-07-21,Long,1735,95.07622711142896,94.4810040295866,96.26667327511369,2000-07-24,94.4810040295866,-0.006260482771837,102270.11839601715,Loss
2000-09-01,Long,687,97.2983793665151,95.81036149871044,100.27441510212445,2000-09-05,95.81036149871044,-0.015293346893265603,101247.85012083534,Loss
2000-10-02,Short,942,91.83425256901918,92.90827983228718,89.6861980424832,2000-10-06,89.6861980424832,0.023390559256978645,103271.31748483224,Win
2000-10-09,Short,487,89.94463677406311,92.06297195343302,85.7079664153233,2000-10-12,85.7079664153233,0.04710309041974499,105334.57594953853,Win
2000-10-26,Short,678,87.27932852983584,88.83076849250496,84.1764486044976,2000-10-30,88.83076849250496,-0.017775571705260913,104282.69965484887,Loss
2000-11-17,Short,639,87.39868372049654,89.0296592469428,84.13673266760401,2000-11-22,84.13673266760401,0.037322656521056305,106367.0863776472,Win
2000-11-29,Short,753,85.52900309864195,86.94118980739427,82.70462968113732,2000-11-30,82.70462968113732,0.03302240544353401,108493.83956102819,Win
2000-12-15,Short,574,84.99323577990084,86.88152705788806,81.2166532239264,2000-12-20,81.2166532239264,0.0444339190209714,110661.59794815752,Win
2001-01-02,Short,759,84.27500184793486,85.7314590901179,81.36208736356879,2001-01-03,85.7314590901179,-0.01728219768907338,109556.1469013406,Loss
2001-01-08,Short,457,82.91832126978207,85.31249440437247,78.12997500060126,2001-01-12,85.31249440437247,-0.028873873685898076,108462.00977883278,Loss
2001-03-12,Short,451,78.10758208634313,80.50814733787192,73.30645158328555,2001-03-20,73.30645158328555,0.06146817472534515,110627.31963571176,Win
2001-03-29,Short,768,73.4270351517969,74.86739037982233,70.54632469574605,2001-04-02,74.86739037982233,-0.019616143087457568,109521.12682058822,Loss
2001-04-03,Short,503,72.96612928612736,75.14269243354396,68.61300299129415,2001-04-10,75.14269243354396,-0.029829774015851754,108426.31555743767,Loss
2001-06-06,Long,1085,82.47258369498242,81.4739187584721,84.46991356800307,2001-06-07,81.4739187584721,-0.012109053600209708,107342.76410132398,Loss
2001-06-25,Short,5393,79.14413706591853,79.34314901622552,78.74611316530454,2001-06-26,78.74611316530454,0.005029101527539324,109489.30699733524,Win
2001-07-06,Short,728,77.87937555172174,79.38168897811413,74.87474869893695,2001-08-17,74.87474869893695,0.03858052059995435,111676.67534616256,Win
2001-08-29,Short,1279,75.19588136555431,76.06896487769366,73.44971434127562,2001-08-30,73.44971434127562,0.023221577998267524,113910.02297021501,Win
2001-10-23,Long,642,70.85771879908158,69.08561929084514,74.40191781555446,2001-10-25,69.08561929084514,-0.02500926558560626,112772.33508592722,Loss
2001-11-30,Long,1249,73.71886176919968,72.81667688502063,75.52323153755778,2001-12-05,75.52323153755778,0.02447636500421362,115025.99292660649,Win
2001-12-18,Long,1031,73.86706320584003,72.75225658733669,76.0966764428467,2002-01-04,76.0966764428467,0.030184132687034973,117324.72417396036,Win
2002-01-11,Long,1993,75.14278941128534,74.55438202651224,76.31960418083152,2002-01-14,74.55438202651224,-0.007830523585603301,116152.02825610759,Loss
2002-01-30,Short,480,71.37949887782916,73.79785146541228,66.54279370266293,2002-03-04,73.79785146541228,-0.03388021246439806,114991.2190140677,Loss
2002-04-12,Short,873,71.99249777487431,73.308879851517,69.35973362158892,2002-04-16,73.308879851517,-0.018284989649325928,113842.01746115863,Loss
2002-04-23,Short,1310,72.03791372496647,72.90684211931531,70.30005693626879,2002-04-26,70.30005693626879,0.024124196535350077,116118.60985435259,Win
2002-05-10,Short,1584,70.01470131764412,70.74745030418414,68.54920334456409,2002-05-14,70.74745030418414,-0.01046564468247413,114957.9354596732,Loss
2002-05-22,Short,784,70.17682731369372,71.64234599429776,67.24578995248565,2002-06-04,67.24578995248565,0.04176645587162547,117255.86875086033,Win
2002-06-20,Short,833,66.31194709346873,67.71916062214423,63.497520036117734,2002-06-24,63.497520036117734,0.042442232217732585,119600.28648963371,Win
2002-07-09,Short,932,63.596213974949336,64.87815721710733,61.03232749063335,2002-07-10,61.03232749063335,0.04031508047516643,121989.82869301621,Win
2002-08-05,Short,774,56.281963385794576,57.8567377626233,53.132414632137134,2002-08-08,57.8567377626233,-0.027980089572109523,120770.95332535078,Loss
2002-08-14,Short,702,57.92832969005071,59.64627749523171,54.492434079688714,2002-08-15,59.64627749523171,-0.02965643605422406,119564.95396611372,Loss
2002-09-13,Short,854,57.713560297182106,59.11264549201276,54.9153899075208,2002-09-17,59.11264549201276,-0.024241879856768518,118370.13520972835,Loss
2002-09-30,Short,498,53.59938617841776,55.97211197570101,48.853934583851256,2002-10-01,55.97211197570101,-0.044267779287342844,117188.5177626813,Loss
2002-10-03,Short,750,54.344529523360734,55.90678121023988,51.22002614960245,2002-10-08,51.22002614960245,0.05749434949869567,119531.89529300001,Win
2002-10-31,Long,1278,58.60634987957914,57.6716485264001,60.47575258593723,2002-11-01,57.6716485264001,-0.015948806828946227,118337.34696363719,Loss
2002-11-04,Long,482,60.00519183343295,57.55397251710862,64.90763046608163,2002-11-11,57.55397251710862,-0.04085012048838404,117155.85925316886,Loss
2002-11-15,Long,7168,58.82861959463876,58.6651830074983,59.15549276891968,2002-11-18,59.15549276891968,0.005556363153398018,119498.8861664145,Win
2002-11-29,Long,771,61.96611983702179,60.41694854884901,65.06446241336737,2002-12-03,60.41694854884901,-0.02500029519755779,118304.47510323327,Loss
2002-12-18,Short,1274,59.0377301797671,59.96595397811608,57.18128258306914,2003-01-02,59.96595397811608,-0.0157225522648412,117121.91798413667,Loss
2003-02-21,Short,1714,55.426144424618045,56.109262442626815,54.059908388600505,2003-02-25,54.059908388600505,0.024649667592803248,119463.64654987074,Win
2003-02-27,Short,2191,54.979456822189725,55.52463051206453,53.88910944244011,2003-02-28,55.52463051206453,-0.009915952637327181,118269.17099535503,Loss
2003-03-04,Short,983,55.14364510000503,56.34571110989252,52.739513080230054,2003-03-12,52.739513080230054,0.04359762608030345,120632.43277079384,Win
2003-04-03,Long,1335,58.61078552554135,57.70725478601203,60.4178470046,2003-04-09,57.70725478601203,-0.015415775977538865,119426.21923352219,Loss
2003-04-11,Long,739,58.14254087711228,56.52674791458736,61.374126802162124,2003-05-02,61.374126802162124,0.05558040423241893,121814.36123213402,Win
2003-05-12,Long,2075,61.66436870819181,61.07737374242034,62.83835863973474,2003-05-15,62.83835863973474,0.0190383840155486,124250.3903400856,Win
2003-05-23,Long,2216,61.68412933737855,61.123530123259926,62.8053277656158,2003-05-27,62.8053277656158,0.018176448955044916,126734.96605705936,Win
2003-07-02,Long,818,65.37529143329452,63.826416606501,68.47304108688157,2003-08-05,63.826416606501,-0.02369205234631974,125467.98644874226,Loss
2003-08-26,Long,8617,65.8584512976982,65.71284946372502,66.14965496564454,2003-08-27,66.14965496564454,0.004421659820544947,127977.28845543595,Win
2003-09-15,Long,1652,67.85739150386127,67.08296789471673,69.40623872215033,2003-09-19,69.40623872215033,0.02282503326407611,130535.9840600495,Win
2003-09-24,Long,2584,68.51654618233512,68.01153826731614,69.52656201237308,2003-09-25,68.01153826731614,-0.007370597952720208,129231.04360764046,Loss
2003-10-21,Long,2210,69.64609044340077,69.06141186313697,70.81544760392836,2003-10-22,69.06141186313697,-0.008394994988827814,127938.90394525747,Loss
2003-10-29,Long,2027,69.61282559975155,68.98167779625467,70.87512120674529,2003-11-07,70.87512120674529,0.018133089644306166,130497.57714063379,Win
2003-11-13,Long,2310,70.4367526681293,69.87198816950217,71.56628166538356,2003-11-17,69.87198816950217,-0.008018037135926453,129192.97114880513,Loss
2003-12-12,Long,1495,71.73901417740429,70.8752513129489,73.46653990631505,2003-12-26,73.46653990631505,0.024080700699883377,131775.6221135267,Win
2004-02-03,Long,3183,75.92990804709684,75.51601313230805,76.75769787667444,2004-02-04,75.51601313230805,-0.005451012985977449,130458.19459975397,Loss
2004-02-09,Long,1329,76.5507782767428,75.56946219856077,78.51341043310687,2004-02-24,75.56946219856077,-0.01281915220553898,129154.02553185006,Loss
2004-02-27,Long,2275,76.89791537441215,76.33044650536849,78.03285311249948,2004-03-02,78.03285311249948,0.014759018271969727,131736.00888599874,Win
2004-03-22,Short,968,74.05237759238427,75.41226029947487,71.33261217820309,2004-03-29,75.41226029947487,-0.01836379534734135,130419.64242553506,Loss
2004-04-19,Long,3415,76.06883335095385,75.6869820904487,76.83253587196417,2004-04-20,75.6869820904487,-0.005019812236943816,129115.62037090995,Loss
2004-04-23,Long,973,76.65166634443304,75.32519883117526,79.3046013709486,2004-04-29,75.32519883117526,-0.017305136033146644,127824.96748051012,Loss
2004-05-07,Short,1392,74.50792001279235,75.42569273733505,72.67237456370695,2004-05-10,72.67237456370695,0.02463557496666468,130380.04674563701,Win
2004-06-16,Long,3971,76.37025451660156,76.04198381576786,77.02679591826896,2004-06-17,76.04198381576786,-0.004298410459825535,129076.48379262639,Loss
2004-06-23,Long,2042,76.3868528812229,75.75481255685195,77.65093352996479,2004-07-01,75.75481255685195,-0.008274202962042876,127785.85745026091,Loss
2004-07-22,Short,703,73.52928894154459,75.34461881666448,69.89862919130482,2004-09-02,75.34461881666448,-0.024688527541223252,126509.68054805163,Loss
2004-09-30,Long,3406,75.3139820108701,74.94262707403706,76.05669188453619,2004-10-01,76.05669188453619,0.009861513809731784,129039.35037775832,Win
2004-11-23,Long,2117,79.85745745079366,79.2480219024913,81.07632854739838,2004-12-02,81.07632854739838,0.015263084194181311,131619.7004892705,Win
2004-12-09,Long,14955,79.99961412082898,79.911605161472,80.17563203954295,2004-12-10,80.17563203954295,0.0022002345967333655,134252.04846363788,Win
2005-01-20,Short,1210,80.20744750227462,81.31645461032547,77.98943328617293,2005-02-02,81.31645461032547,-0.01382673483057039,132910.14986289636,Loss
2005-02-22,Long,132910,81.5749816993018,81.57498151629899,81.57498206530742,2005-02-23,81.57498151629899,-2.2433693188155437e-09,132910.12553999273,Loss
2005-02-25,Long,1514,81.82670278208668,80.94905695534578,83.58199443556849,2005-03-07,83.58199443556849,0.021451330602387044,135567.6371033642,Win
2005-04-04,Short,1217,80.16051648385725,81.27384717832727,77.9338550949172,2005-04-07,81.27384717832727,-0.013888766481366487,134212.71364819419,Loss
2005-04-11,Short,2136,80.79575088963931,81.42408457858107,79.53908351175578,2005-04-14,79.53908351175578,0.015553632017109915,136896.95516735342,Win
2005-04-25,Short,3132,79.13598291407587,79.5730696565637,78.2618094291002,2005-04-26,79.5730696565637,-0.0055232364139890045,135527.9994898815,Loss
2005-04-27,Short,1038,78.4528978577069,79.75749288277744,75.84370780756582,2005-05-03,79.75749288277744,-0.016629022772832885,134173.82985385827,Loss
2005-05-12,Long,1336,80.13317999305578,79.12912450381393,82.14129097153948,2005-05-13,79.12912450381393,-0.012529834574502845,132832.41172023118,Loss
2005-06-10,Long,1736,82.34617986100713,81.58119705458367,83.87614547385405,2005-06-24,81.58119705458367,-0.009289839646656138,131504.40156828004,Loss
2005-06-29,Long,1917,82.54827401387777,81.86247871011997,83.91986462139337,2005-06-30,81.86247871011997,-0.00830780912078799,130189.73197097634,Loss
2005-07-06,Long,1581,82.56196835020782,81.73901828083584,84.20786848895179,2005-07-07,81.73901828083584,-0.009967665328438268,128888.64791129924,Loss
2005-07-08,Long,1099,82.2739330341376,81.10125338411612,84.61929233418056,2005-07-14,84.61929233418056,0.0285067118290043,131466.19778204645,Win
2005-08-12,Long,3422,84.7427890939383,84.35871368210564,85.51093991760361,2005-08-15,84.35871368210564,-0.004532248890308562,130151.89172275511,Loss
2005-08-16,Long,3111,84.65360232589008,84.23527173475733,85.49026350815556,2005-08-17,84.23527173475733,-0.004941675010146655,128850.46525374115,Loss
2005-09-19,Long,3118,85.0346000399452,84.62140682760413,85.86098646462735,2005-09-20,84.62140682760413,-0.004859118666366069,127562.1288176617,Loss
2005-10-05,Short,1040,83.50569865657475,84.73158089162058,81.05393418648309,2005-10-12,81.05393418648309,0.02936044497004664,130111.96386655702,Win
2005-10-19,Short,1294,80.92308063208941,81.92853481646493,78.91217226333836,2005-10-20,81.92853481646493,-0.012424813496000525,128810.9061519751,Loss
2005-10-21,Short,1230,81.46713684522514,82.5139627963536,79.37348494296823,2005-10-24,82.5139627963536,-0.012849671556731649,127523.3102320871,Loss
2005-10-28,Short,1969,81.56354229023482,82.21094149579037,80.26874387912373,2005-10-31,82.21094149579037,-0.007937360092231477,126248.58119634823,Loss
2005-12-02,Long,2320,87.30736709444297,86.76327714743115,88.39554698846659,2005-12-07,86.76327714743115,-0.006231890447724238,124986.29251928082,Loss
2005-12-12,Long,2039,87.26602505153929,86.65309914660615,88.49187686140556,2005-12-29,86.65309914660615,-0.0070236487174835955,123736.53659912216,Loss
2006-01-04,Long,723,87.83250688778915,86.12237324951532,91.25277416433681,2006-04-05,91.25277416433681,0.0389407908044483,126209.38984006613,Win
2006-04-28,Long,1513,90.91355713335966,90.07940678452044,92.58185783103809,2006-05-12,90.07940678452044,-0.009175203073570363,124947.3203622724,Loss
2006-05-31,Short,1302,88.01493485684819,88.97420774545097,86.09638907964262,2006-06-01,88.97420774545097,-0.010898978567251017,123698.34706131158,Loss
2006-06-06,Short,1078,88.42508683541992,89.57201004887035,86.13124040851905,2006-06-08,86.13124040851905,0.025941127218458527,126171.11350951072,Win
2006-06-19,Short,11295,87.55217384808991,87.66387785568229,87.32876583290515,2006-06-20,87.32876583290515,0.002551712942872101,128694.50704102257,Win
2006-06-23,Short,2525,86.80512690469159,87.31479817954501,85.78578435498476,2006-06-27,87.31479817954501,-0.005871442079832625,127407.58707201769,Loss
2006-06-28,Short,1659,86.70740762968101,87.47536982221594,85.17148324461117,2006-06-29,87.47536982221594,-0.008856938680658247,126133.53779460225,Loss
2006-07-21,Short,1570,87.37763326191813,88.18055857958751,85.77178262657938,2006-07-24,88.18055857958751,-0.009189140145997943,124872.94504586133,Loss
2006-08-16,Long,1259,90.28908749099352,89.29765108380136,92.27196030537786,2006-09-13,92.27196030537786,0.021961378384537676,127369.38191917121,Win
2006-09-26,Long,1252,92.91614454224148,91.89934200851718,94.94974960969009,2006-10-05,94.94974960969009,0.021886455550510796,129915.45546361686,Win
2006-11-07,Long,1482,96.91329659744058,96.036704245174,98.66648130197375,2006-11-08,96.036704245174,-0.009045119535122022,128616.34559755778,Loss
2006-11-30,Long,1348,98.4840851607815,97.53039965932687,100.39145616369076,2006-12-01,97.53039965932687,-0.009683650915756358,127330.77754159694,Loss
2006-12-27,Long,1656,100.04119005522249,99.27259221938232,101.57838572690282,2007-01-03,99.27259221938232,-0.007682813803153524,126057.97952544561,Loss
2007-01-11,Long,1396,99.83670992131296,98.9341092772235,101.64191120949188,2007-02-01,101.64191120949188,0.01808153823980882,128578.04052374339,Win
2007-02-14,Long,1753,102.10732619255342,101.37396210142391,103.57405437481242,2007-02-27,101.37396210142391,-0.007182286702391249,127292.45327199338,Loss
2007-03-14,Short,771,97.61546005357572,99.26554997275947,94.3152802152082,2007-03-19,99.26554997275947,-0.016903981380389062,126020.2339443027,Loss
2007-04-02,Long,1112,100.64336395263672,99.51056056441148,102.9089707290872,2007-04-16,102.9089707290872,0.022511238570251772,128539.58867971564,Win
2007-05-14,Long,1592,106.8025514020141,105.99543409860928,108.41678600882375,2007-05-21,108.41678600882375,0.015114195172487277,131109.4501737566,Win
2007-05-29,Long,2436,107.5671362043046,107.02904846103868,108.64331169083644,2007-05-30,108.64331169083644,0.010004686603237577,133731.01365894816,Win
2007-06-22,Long,1481,107.73209911086288,106.82916089408596,109.53797554441671,2007-06-25,106.82916089408596,-0.008381329466603438,132393.76215990155,Loss
2007-07-12,Long,1006,108.33647104973451,107.02116031030152,110.96709252860049,2007-07-25,107.02116031030152,-0.012140978256797401,131070.55955603196,Loss
2007-08-10,Short,404,102.6626390380134,105.90481771422463,96.17828168559092,2007-09-04,105.90481771422463,-0.03158090135410158,129760.71937084262,Loss
2007-09-12,Long,1573,104.72455331327858,103.899802338981,106.37405526187372,2007-09-18,106.37405526187372,0.015750861630898887,132355.38593598278,Win
2007-11-02,Short,985,108.25035777661184,109.59338357253448,105.56430618476655,2007-11-07,105.56430618476655,0.02481332761401388,135001.1467539504,Win
2007-11-08,Short,601,105.721471198909,107.96460332024613,101.23520695623475,2007-11-21,101.23520695623475,0.04243475040404611,137697.39156379763,Win
2007-12-13,Long,1720,105.95718106440056,105.15702959150455,107.55748401019257,2007-12-14,105.15702959150455,-0.007551649306427605,136321.1310304165,Loss
2008-01-31,Short,369,95.8043819326897,99.49578775647254,88.421570285124,2008-02-01,99.49578775647254,-0.03853065746383453,134959.00228144063,Loss
2008-02-06,Short,1125,96.65186017494756,97.85116081634575,94.25325889215117,2008-02-12,97.85116081634575,-0.012408458970446781,133609.78905986765,Loss
2008-02-22,Short,911,96.93192642240211,98.39695853354635,94.00186220011364,2008-02-25,98.39695853354635,-0.015114030693664758,132275.14480661525,Loss
2008-03-03,Short,725,95.61767003833916,97.44183394957236,91.96934221587276,2008-03-10,91.96934221587276,0.038155372547809985,134920.18247790338,Win
2008-03-13,Short,451,93.08246961013548,96.07010339060892,87.10720204918859,2008-03-19,96.07010339060892,-0.03209663208321377,133572.75964290986,Loss
2008-03-20,Short,470,93.8608869679568,96.7020741171802,88.17851266951,2008-03-24,96.7020741171802,-0.030270192846071815,132237.40168277486,Loss
2008-03-31,Short,885,94.75583091910131,96.24982310044366,91.76784655641661,2008-04-01,96.24982310044366,-0.015766757220649137,130915.21860228687,Loss
2008-04-02,Long,512,98.91293358007084,96.35807095226784,104.02265883567685,2008-04-11,96.35807095226784,-0.025829409110941205,129607.12893685173,Loss
2008-04-17,Long,1197,98.16960657772772,97.08702336832688,100.3347729965294,2008-04-18,100.3347729965294,0.0220553641221671,132198.83314015734,Win
2008-05-02,Long,450,102.73095656343494,99.79350401614964,108.60586165800555,2008-05-23,99.79350401614964,-0.0285936454360908,130876.97949387896,Loss
2008-05-30,Long,1304,101.381304605053,100.37807906723548,103.38775568068806,2008-06-02,100.37807906723548,-0.009895567449301946,129568.7733925649,Loss
2008-06-03,Short,3205,100.53688671552904,100.94107214693352,99.72851585272007,2008-06-04,99.72851585272007,0.008040540036775469,132159.60200786765,Win
2008-06-09,Short,622,98.77587250010345,100.89776372049997,94.5320900593104,2008-06-24,94.5320900593104,0.04296375555466338,134799.23468604093,Win
2008-07-25,Short,737,91.31295015501416,93.14076872077752,87.65731302348746,2008-07-30,93.14076872077752,-0.020017079315260547,133452.13240307334,Loss
2008-08-04,Short,1483,91.4217262501421,92.32116536207776,89.62284802627077,2008-08-05,92.32116536207776,-0.00983835187573113,132118.26420007274,Loss
2008-08-25,Long,1821,93.4237075274376,92.69835129842056,94.87441998547168,2008-08-26,92.69835129842056,-0.007764155889488844,130797.39050703272,Loss
2008-08-28,Long,910,93.7718387813794,92.3356971616352,96.64412202086781,2008-09-03,92.3356971616352,-0.01531527629624967,129490.50163306549,Loss
2008-09-10,Short,514,89.86226659312406,92.3792008385835,84.82839810220518,2008-09-17,84.82839810220518,0.056017599842112714,132077.91003739779,Win
2008-09-23,Short,464,88.16466655026741,91.0098328533018,82.47433394419863,2008-09-29,82.47433394419863,0.06454209865155464,134718.2243666137,Win
2008-09-30,Short,316,82.8098216733968,87.06299991781354,74.30346518456331,2008-10-06,74.30346518456331,0.10272158926247528,137406.23301708506,Win
2008-10-15,Short,233,71.10073526781771,76.98815209527932,59.3259016128945,2008-11-19,59.3259016128945,0.1656077621500048,140149.76925868218,Win
2008-12-02,Short,470,60.8944853015574,63.8710185995116,54.941418705649006,2008-12-03,63.8710185995116,-0.04888017828238499,138750.7986086437,Loss
2008-12-05,Short,432,61.02581920804818,64.23578142007457,54.6058947839954,2008-12-08,64.23578142007457,-0.052600067539987326,137364.0949330483,Loss
2008-12-15,Long,492,64.94345548472559,62.156598871852765,70.51716871047124,2009-01-14,62.156598871852765,-0.04291204698105848,135992.96147951487,Loss
2009-01-30,Short,736,62.49937237560333,64.34539609087332,58.80732494506334,2009-02-05,58.80732494506334,0.059073352102671346,138710.3083883923,Win
2009-02-11,Short,526,61.374108331036936,64.00706651436178,56.108191964387245,2009-02-20,56.108191964387245,0.08580029119521583,141480.18039725002,Win
2009-04-02,Long,402,61.53933939408196,58.02092466272386,68.57616885679818,2009-05-07,68.57616885679818,0.11434684759376734,144308.98584126195,Win
2009-05-19,Long,746,67.53919259370939,65.60591235044053,71.4057530802471,2009-05-21,65.60591235044053,-0.02862456847683607,142866.75877978338,Loss
2009-05-27,Long,618,67.73179989005818,65.42073034067847,72.3539389888176,2009-07-08,65.42073034067847,-0.03412089377708879,141438.51779826672,Loss
2009-08-13,Long,1084,75.42939677192471,74.12577633055186,78.03663765467043,2009-08-17,74.12577633055186,-0.017282657652885704,140025.39323981854,Loss
2009-08-20,Long,999,74.5578378987773,73.15743959659434,77.3586345031432,2009-08-24,77.3586345031432,0.03756542146740324,142823.38904758007,Win
2009-09-08,Long,782,76.72554747241293,74.90050725907273,80.37562789909333,2009-09-17,80.37562789909333,0.04757320797212701,145677.75194124415,Win
2009-09-29,Long,1158,79.71806371107122,78.4606835525776,82.23282402805846,2009-09-30,78.4606835525776,-0.015772838676198216,144221.70571770854,Loss
2009-10-07,Long,3441,78.7899742214354,78.37087518746414,79.62817228937793,2009-10-08,79.62817228937793,0.010638384848138333,147105.94526949877,Win
2009-10-23,Long,897,82.09815756801657,80.45899882638658,85.37647505127657,2009-10-26,80.45899882638658,-0.01996584077142036,145635.61987825666,Loss
2009-11-24,Long,4864,83.07863026416375,82.77923981373729,83.67741116501666,2009-11-27,82.77923981373729,-0.003603699886173988,144179.38472738236,Loss
2009-12-02,Long,3502,83.28820747272478,82.87656466699313,84.11149308418807,2009-12-03,82.87656466699313,-0.00494239002401931,142737.81162171013,Loss
2009-12-07,Long,2192,83.01126734202305,82.36012477336969,84.31355247932976,2009-12-08,82.36012477336969,-0.007844026353320422,141310.507111222,Loss
2009-12-11,Long,2860,83.16096496582031,82.6669879617974,84.14891897386613,2009-12-17,82.6669879617974,-0.005940010487203184,139897.73287971647,Loss
2009-12-22,Long,2295,83.95483298652859,83.34532953575405,85.17383988807767,2010-01-04,85.17383988807767,0.014519794253472952,142695.3537187716,Win
2010-01-05,Long,1083,85.22652022195021,83.909689091789,87.86018248227262,2010-01-22,83.909689091789,-0.015450955016488556,141269.22560480703,Loss
2010-02-04,Short,1251,82.00589601528401,83.1346016539186,79.74848473801484,2010-02-05,79.74848473801484,0.027527426526117598,144093.24711267077,Win
2010-04-20,Long,912,91.09325807107882,89.5141003060834,94.25157360106965,2010-04-27,89.5141003060834,-0.01733561625124024,142653.05523099494,Loss
2010-04-30,Long,2330,91.33504807670955,90.72304140118771,92.55906142775324,2010-05-03,90.72304140118771,-0.006700677214379241,141227.07967702905,Loss
2010-05-14,Short,730,86.98288398344728,88.91719864635044,83.11425465764096,2010-05-20,83.11425465764096,0.04447575371888703,144051.17908486768,Win
2010-06-01,Short,804,81.86755710093536,83.65832074652721,78.28602980975165,2010-06-03,83.65832074652721,-0.021873910850717104,142611.40511381184,Loss
2010-06-07,Short,886,80.99866050693312,82.60803560308636,77.77991031462663,2010-06-11,82.60803560308636,-0.019869156922854153,141185.49877862007,Loss
2010-07-21,Long,577,82.78088487397078,80.33634674287312,87.6699611361661,2010-08-24,80.33634674287312,-0.029530224698845996,139775.00027697673,Loss
2010-09-27,Long,1513,87.66615995057602,86.74264170591236,89.51319643990333,2010-09-28,86.74264170591236,-0.010534489536034322,138377.71717280062,Loss
2010-10-06,Long,1342,88.5515395158299,87.52115697386863,90.61230459975245,2010-10-21,90.61230459975245,0.023271928361608605,141143.26391542467,Win
2010-11-19,Long,3362,91.51288242265966,91.0931063235421,92.35243462089477,2010-11-22,91.0931063235421,-0.004587071109603845,139731.97667019145,Loss
2010-12-02,Long,1812,92.50511725853914,91.73425549570396,94.04684078420951,2010-12-07,94.04684078420951,0.01666635934703436,142525.57969870613,Win
2011-01-24,Long,30952,98.43148991450698,98.38544328608496,98.52358317135102,2011-01-25,98.38544328608496,-0.000467803834545356,141100.3444557878,Loss
2011-02-02,Long,1803,100.05036847269665,99.26778567128132,101.61553407552731,2011-02-08,101.61553407552731,0.01564377649701298,143922.3380376915,Win
2011-02-28,Long,1321,101.90713183192707,100.81765611114496,104.08608327349131,2011-03-01,100.81765611114496,-0.01069086825619785,142483.1406105383,Loss
2011-03-04,Long,1894,102.3291533296504,101.57722138434217,103.83301722026685,2011-03-07,101.57722138434217,-0.0073481693226357695,141058.98150612452,Loss
2011-03-09,Long,1470,101.5235304171406,100.56448268839398,103.44162587463386,2011-03-10,100.56448268839398,-0.009446556131431635,139649.181344867,Loss
2011-04-21,Long,1812,103.09734706144052,102.32671983180828,104.638601520705,2011-04-27,104.638601520705,0.014949506492596496,142441.93442505423,Win
2011-05-10,Long,1553,104.16072324394028,103.24372357626618,105.99472257928849,2011-05-11,103.24372357626618,-0.00880369912108356,141017.83394115634,Loss
2011-05-13,Long,1039,104.14531883733292,102.78909236089592,106.85777179020693,2011-05-16,102.78909236089592,-0.013022442982342048,139608.7146321383,Loss
2011-05-19,Long,979,103.87565914354047,102.45004706962582,106.72688329136977,2011-05-23,102.45004706962582,-0.013724216873027675,138213.04041177584,Loss
2011-06-02,Short,605,101.68717784029118,103.96811758881994,97.12529834323368,2011-07-07,103.96811758881994,-0.022430947509539226,136833.07186391595,Loss
2011-07-20,Long,1003,103.050864172993,101.68792004913747,105.77675242070406,2011-07-27,101.68792004913747,-0.013225935898679443,135466.03890768884,Loss
2011-08-19,Short,259,87.47747898444793,92.70476967861468,77.02289759611442,2011-08-29,92.70476967861468,-0.05975584521698529,134112.17061789965,Loss
2011-09-06,Short,267,88.58490527962915,93.60306017285488,78.5485954931777,2011-09-08,93.60306017285488,-0.0566479681542279,132772.3232614084,Loss
2011-09-09,Short,525,91.13267925824728,93.6572955975364,86.08344657966903,2011-09-15,93.6572955975364,-0.027702645854787083,131446.8996832816,Loss
2011-09-29,Short,1172,91.11377520406366,92.2347122865082,88.87190103917457,2011-09-30,88.87190103917457,0.024605216498471857,134074.3762045316,Win
2011-11-04,Long,1056,97.4812378867022,96.2123999957069,100.0189136686928,2011-11-09,96.2123999957069,-0.013016226696567088,132734.48339164056,Loss
2011-11-14,Long,4263,98.2285104741982,97.917150163498,98.85123109559862,2011-11-15,97.917150163498,-0.003169754984546921,131407.15438712557,Loss
2011-12-12,Long,3069,97.2632755842298,96.835139642061,98.11954746856742,2011-12-13,96.835139642061,-0.004401825247989342,130093.2051806095,Loss
2012-03-09,Long,1566,107.55457370484052,106.72419434628796,109.21533242194565,2012-03-13,109.21533242194565,0.015441079443657189,132693.95333159613,Win
2012-03-26,Long,803,110.66166323366788,109.00934312412168,113.96630345276027,2012-04-09,109.00934312412168,-0.01493127846865301,131367.14028363055,Loss
2012-04-16,Short,1703,108.45074207603425,109.22182577653965,106.90857467502344,2012-04-17,109.22182577653965,-0.007109990081624316,130053.98474166985,Loss
2012-04-20,Short,2015,108.8362754599704,109.48146931406276,107.54588775178566,2012-04-23,107.54588775178566,0.011856228107138217,132654.1159736621,Win
2012-05-31,Short,851,103.62776761296588,105.18562034018188,100.51206215853388,2012-06-04,100.51206215853388,0.030066318383588985,135305.58131538372,Win
2012-06-12,Short,699,103.6907220970492,105.62621230791238,99.81974167532285,2012-06-15,105.62621230791238,-0.018665992209521497,133952.67365799035,Loss
2012-06-28,Long,5292,104.6234125316168,104.3703168660035,105.12960386284337,2012-06-29,105.12960386284337,0.004838222334543001,136631.43818284138,Win
2012-07-02,Long,1059,107.93710573599796,106.64800154769998,110.51531411259393,2012-07-09,106.64800154769998,-0.011943105010162006,135266.27684743382,Loss
2012-07-16,Long,1068,107.11464396499552,105.84924890942062,109.64543407614532,2012-07-24,105.84924890942062,-0.011813464608895338,133914.83492807983,Loss
2012-07-27,Long,1038,108.26136085485751,106.97225881077124,110.83956494303007,2012-08-06,110.83956494303007,0.02381462848623406,136591.01077160295,Win
2012-08-27,Long,1034,112.2157110815364,110.89493675524568,114.85725973411783,2012-08-30,110.89493675524568,-0.011769959068664076,135225.33011821835,Loss
2012-09-07,Long,756,113.89228828207548,112.10498111835022,117.466902609526,2012-10-23,112.10498111835022,-0.015692960345995155,133874.12590244206,Loss
2012-11-05,Short,710,112.3854007616354,114.26975677388378,108.61668873713862,2012-11-14,108.61668873713862,0.03353382199962124,136549.91143983477,Win
2012-12-18,Long,1093,114.4923782676713,113.2440848947158,116.9889650135823,2012-12-26,113.2440848947158,-0.01090285128008365,135185.52678319442,Loss
2013-01-02,Long,303,116.19321681606714,111.7331385184564,125.1133734112886,2013-03-14,125.1133734112886,0.07677002874739239,137888.33423154653,Win
2013-03-25,Long,1339,125.47674069603204,124.4472578813546,127.53570632538691,2013-04-05,124.4472578813546,-0.008204570894707594,136509.85674269343,Loss
2013-04-09,Long,969,125.8708049524724,124.46328712407735,128.68584060926247,2013-04-17,124.46328712407735,-0.011182242211976865,135145.97196697863,Loss
2013-04-23,Long,763,126.2327323411228,124.46331492042265,129.77156718252309,2013-05-03,129.77156718252309,0.02803420931931648,137846.10295096703,Win
2013-05-31,Long,11421,133.0048301301023,132.88414088270392,133.24620862489908,2013-06-03,132.88414088270392,-0.0009074049963473733,136467.71105643004,Loss
2013-06-10,Long,781,132.9565377079191,131.211238284796,136.4471365541653,2013-06-11,131.211238284796,-0.013126841697376327,135104.63220697088,Loss
2013-06-17,Short,4419,132.1361094094342,132.44181438406866,131.52469946016527,2013-06-18,132.44181438406866,-0.002313561190811324,133753.7219240612,Loss
2013-08-09,Long,2545,137.11252055689988,136.58699585277182,138.163569965156,2013-08-12,136.58699585277182,-0.0038327987990708257,132416.26155205528,Loss
2013-08-14,Long,1462,137.07212287198087,136.16656236179483,138.88324389235294,2013-08-15,136.16656236179483,-0.006606452801725319,131092.33208616328,Loss
2013-08-27,Short,551,132.8919555476592,135.26914038082322,128.13758588133115,2013-09-09,135.26914038082322,-0.01788810182954596,129782.5032430899,Loss
2013-10-02,Long,4204,136.78152158421094,136.47283919691182,137.39888635880916,2013-10-03,136.47283919691182,-0.0022567550333110692,128484.80248688442,Loss
2013-11-11,Long,696,143.90701249390784,142.06261173674736,147.5958140082288,2013-11-29,147.5958140082288,0.025633229752977695,131052.20834085182,Win
2013-12-09,Long,1221,147.4413096996571,146.36885819376124,149.5862127114488,2013-12-11,146.36885819376124,-0.0072737518954523375,129742.74505215298,Loss
2013-12-19,Long,413,147.20573082571636,144.06955102474026,153.47809042766855,2014-02-03,144.06955102474026,-0.0213047398588657,128447.50279434986,Loss
2014-03-18,Long,1310,152.52230817364642,151.54200918882643,154.4829061432864,2014-03-19,151.54200918882643,-0.006427249866320713,127163.31112423567,Loss
2014-03-26,Long,875,153.46626547159298,152.01394980060903,156.37089681356088,2014-03-27,152.01394980060903,-0.009463419641580952,125892.53491212471,Loss
2014-04-01,Long,730,153.9421114624437,152.2190835280754,157.3881673311803,2014-04-07,152.2190835280754,-0.011192700411860079,124634.72452003584,Loss
2014-04-10,Long,751,153.49904071186816,151.84163494709216,156.81385224142016,2014-04-11,151.84163494709216,-0.010797499170611135,123390.01279068907,Loss
2014-04-29,Long,596,153.82724397632103,151.75961839534745,157.9624951382682,2014-05-30,157.9624951382682,0.026882436784629097,125854.62248320958,Win
2014-06-16,Long,2599,159.0867068190669,158.60250767904688,160.05510509910695,2014-06-18,160.05510509910695,0.006087235693057818,128371.48961303366,Win
2014-06-26,Long,1144,161.26702866121735,160.14573842263383,163.5096091383844,2014-07-22,163.5096091383844,0.013906007295999523,130937.00167891277,Win
2014-07-29,Long,1024,163.37751105906966,162.09964397780476,165.93324522159946,2014-07-30,162.09964397780476,-0.007821560464358428,129628.46578769751,Loss
2014-09-11,Long,3145,164.28436675054215,163.87220656285106,165.10868712592432,2014-09-12,163.87220656285106,-0.0025088217207966668,128332.22199740904,Loss
2014-09-17,Long,685,165.5210697844875,163.64955154853345,169.26410625639562,2014-09-24,163.64955154853345,-0.011306827815883614,127050.2320057805,Loss
2014-09-25,Long,1009,164.8618245145032,163.60278536687727,167.3799028097551,2014-09-26,163.60278536687727,-0.0076369356661777155,125779.86150582593,Loss
2014-10-10,Short,388,159.60224681564085,162.8407955325844,153.12514938175377,2014-10-15,153.12514938175377,0.04058274593946589,128292.97531017412,Win
2014-12-03,Long,1019,171.70345363878909,170.44450482857056,174.22135125922614,2014-12-09,170.44450482857056,-0.007332111169219495,127010.10647256144,Loss
2015-01-12,Short,758,170.24415550086678,171.91821296284297,166.8960405769144,2015-01-14,166.8960405769144,0.019666548399867586,129547.97758491735,Win
2015-04-01,Short,905,172.66052061747794,174.09113649174077,169.7992888689523,2015-04-06,174.09113649174077,-0.00828571505024183,128253.27021870948,Loss
2015-04-21,Long,896,176.24107496990004,174.8105185780736,179.1021877535529,2015-04-22,174.8105185780736,-0.008117043044992497,126971.49169163301,Loss
2015-05-04,Long,778,176.70950394425492,175.07821403068309,179.9720837713986,2015-05-05,175.07821403068309,-0.00923147808782511,125702.34813887412,Loss
2015-05-11,Long,1901,176.99397361887972,176.33306277959574,178.3157952974477,2015-05-12,176.33306277959574,-0.003734086679737028,124445.95663339527,Loss
2015-05-15,Long,972,177.72178649902344,176.44183958728814,180.28168032249403,2015-05-26,176.44183958728814,-0.007201969645642333,123201.84823518856,Loss
2015-05-28,Long,938,177.62978193051072,176.31632969385913,180.2566864038139,2015-06-01,176.31632969385913,-0.007394324433531149,121969.83003720938,Loss
2015-06-15,Short,513,174.54282902826878,176.91868399404518,169.791119096716,2015-06-18,176.91868399404518,-0.013611873824914382,120751.01643976608,Loss
2015-07-30,Long,1689,176.66964424729292,175.95507377500297,178.09878519187282,2015-08-03,175.95507377500297,-0.004044670352591706,119544.10691206835,Loss
2015-08-06,Long,2539,176.77887803667926,176.30818082319428,177.72027246364922,2015-08-07,176.30818082319428,-0.002662632655623703,118349.00668702998,Loss
2015-08-12,Short,596,174.10569544642075,176.08957049461628,170.1379453500297,2015-08-13,176.08957049461628,-0.011394659106979335,117166.61715830544,Loss
2015-08-20,Short,398,173.60126251028643,176.54354053963675,167.7167064515858,2015-08-21,167.7167064515858,0.033896965803183375,119508.67046966829,Win
2015-09-01,Short,236,162.34506608914504,167.3973279445032,152.24054237842873,2015-09-09,167.3973279445032,-0.03112051371234106,118316.33667180376,Loss
2015-09-10,Short,286,163.555607798226,167.68318114937617,155.30046109592564,2015-09-16,167.68318114937617,-0.02523651378705552,117135.85069337481,Loss
2015-09-21,Short,618,165.9944791737902,167.88730365242108,162.20883021652847,2015-09-24,162.20883021652847,0.02280587267783951,119475.38174896257,Win
2015-11-19,Long,543,176.26148654079373,174.0643705036038,180.65571861517356,2015-12-03,174.0643705036038,-0.01246509422057675,118282.34774076844,Loss
2015-12-07,Long,386,176.80222761788633,173.74330440253215,182.9200740485947,2015-12-09,173.74330440253215,-0.017301383905440827,117101.60337964173,Loss
2015-12-18,Short,307,172.36322249469595,176.16845788949902,164.7527517050898,2015-12-29,176.16845788949902,-0.02207684063762601,115933.3961134372,Loss
2016-01-26,Short,788,160.16504090539863,161.63561670051817,157.22388931515954,2016-01-27,161.63561670051817,-0.009181627818445963,114774.58238688299,Loss
2016-01-28,Short,843,161.4740824664224,162.8341734877987,158.75390042366982,2016-01-29,162.8341734877987,-0.008422967950036902,113628.02565586277,Loss
2016-02-03,Short,2386,162.70669492378187,163.1827252474002,161.75463427654518,2016-02-04,163.1827252474002,-0.0029256959822171863,112492.2173037094,Loss
2016-02-08,Short,224,157.9124799327985,162.92769353824866,147.8820527218982,2016-02-17,162.92769353824866,-0.03175945059937276,111368.80945608857,Loss
2016-04-07,Long,1123,175.27711544986167,174.28603021229665,177.2592859249917,2016-04-08,174.28603021229665,-0.005654390392158857,110255.82073430305,Loss
2016-04-13,Long,391,176.86639815110425,174.04675946809147,182.50567551712982,2016-05-18,174.04675946809147,-0.015942195422580213,109153.34200924505,Loss
2016-06-21,Long,2310,178.90269263778714,178.43031255813352,179.84745279709438,2016-06-22,179.84745279709438,0.005280860479948348,111335.73797724477,Win
2016-06-27,Short,139,173.13971657156904,181.09281212798336,157.2335254587404,2016-07-08,181.09281212798336,-0.0459345533994035,110230.25769490318,Loss
2016-08-05,Long,594,185.86816015583045,184.01297046404457,189.57853953940221,2016-09-09,184.01297046404457,-0.00998121297499531,109128.27501798236,Loss
2016-09-12,Short,273,182.4155085137667,186.40066553200705,174.44519447728598,2016-09-21,186.40066553200705,-0.021846591064046524,108040.32715200275,Loss
2016-09-27,Short,1060,184.7698888484916,185.788436738277,182.7327930689208,2016-09-28,185.788436738277,-0.0055125209856059865,106960.66638883023,Loss
2016-09-30,Short,1015,186.1509882386813,187.204150713428,184.0446632891879,2016-10-11,184.0446632891879,0.011315142451957793,109098.58621256604,Win
2016-10-12,Short,587,184.37272436925025,186.2286422218467,180.66088866405732,2016-11-02,180.66088866405732,0.020132238745678516,111277.43377151428,Win
2016-12-06,Long,1611,190.959122173614,190.26850230136367,192.34036191811464,2016-12-07,192.34036191811464,0.0072331697421863265,113502.61099990482,Win
2017-01-04,Long,751,195.90504649752896,194.39426551796572,198.92660845665543,2017-01-25,198.92660845665543,0.015423604512222635,115771.8040312088,Win
2017-02-03,Long,666,198.68364238391007,196.9470781225292,202.1567709066718,2017-02-13,202.1567709066718,0.017480696856013497,118084.90762736811,Win
2017-03-13,Long,1320,206.32467603342255,205.4302750014895,208.11347809728866,2017-03-14,205.4302750014895,-0.004334920326195851,116904.29826521648,Loss
2017-03-16,Long,739,207.61841174243787,206.03808619143985,210.77906284443392,2017-03-21,206.03808619143985,-0.00761168307634733,115736.43768302894,Loss
2017-04-05,Long,780,206.0362256569149,204.5537114415089,209.00125408772686,2017-04-06,204.5537114415089,-0.007195405617042418,114580.07659501227,Loss
2017-04-07,Long,1825,205.0682252974032,204.44039385522825,206.32388818175306,2017-04-11,204.44039385522825,-0.003061573489819866,113434.284213043,Loss
2017-05-16,Long,1092,209.85595896609223,208.81811897601668,211.93163894624334,2017-05-17,208.81811897601668,-0.0049454873485067176,112300.9629438805,Loss
2017-05-23,Long,1139,209.25417215725983,208.26876216082985,211.2249921501198,2017-06-01,211.2249921501198,0.009418306801447366,114545.72691574799,Win
2017-06-26,Long,914,213.73609796077525,212.48296143165305,216.24237101901966,2017-06-27,212.48296143165305,-0.005863008359739854,113400.3601281303,Loss
2017-06-29,Long,904,213.52585450546604,212.272665837696,216.03223184100614,2017-06-30,212.272665837696,-0.005869025419298657,112267.47757246617,Loss
2017-07-06,Long,6740,211.97475112049372,211.8081887566181,212.30787584824495,2017-07-07,211.8081887566181,-0.0007857651111520037,111144.84723994455,Loss
2017-07-10,Long,818,212.16749979260925,210.8092167480506,214.88406588172654,2017-07-14,214.88406588172654,0.01280387472997843,113366.99830084249,Win
2017-08-15,Long,904,216.4352512484281,215.18208173237005,218.9415902805442,2017-08-17,215.18208173237005,-0.0057900434833493995,112234.13305832601,Loss
2017-08-18,Short,346,212.8597892112349,216.1022066969016,206.3749542399015,2017-08-31,216.1022066969016,-0.015232644444879283,111112.25660828534,Loss
2017-09-27,Long,1179,220.06329940405377,219.1209783820916,221.94794144797808,2017-10-02,221.94794144797808,0.00856409064586441,113334.24957807211,Win
2017-10-30,Long,1532,225.86693722668383,225.12716001111625,227.346491657819,2017-11-01,227.346491657819,0.006550557816482299,115600.92696657119,Win
2017-11-17,Long,1750,227.4081217384254,226.74763454195505,228.72909613136608,2017-11-21,228.72909613136608,0.005808826803732743,117912.63215421738,Win
2018-01-03,Long,853,238.0773138668748,236.69644512475205,240.83905135112028,2018-01-04,240.83905135112028,0.011600170715088636,120268.39422827878,Win
2018-02-22,Short,375,239.9716247992795,243.17599718766897,233.5628800225006,2018-02-26,243.17599718766897,-0.013353130358931833,119066.75458263273,Loss
2018-04-09,Short,358,232.28545759494108,235.6092781159101,225.63781655300306,2018-04-10,235.6092781159101,-0.014309206247276485,117876.82683612582,Loss
2018-05-01,Short,329,234.50721723544083,238.07992141317192,227.36180887997867,2018-05-07,238.07992141317192,-0.01523494338404159,116701.4071616523,Loss
2018-05-31,Long,759,241.8658895294872,240.3283503626417,244.9409678631782,2018-06-06,244.9409678631782,0.012713981039960208,119035.39161692378,Win
2018-08-01,Long,1130,251.3523883186321,250.2990179804043,253.45912899508772,2018-08-02,250.2990179804043,-0.0041908109378792965,117845.08313472636,Loss
2018-08-03,Long,391,252.21828268068944,249.2098640613417,258.23511991938494,2018-08-27,258.23511991938494,0.02385567443702275,120197.6664950563,Win
2018-09-12,Long,647,258.0477272185196,256.1908918770728,261.7613979014132,2018-09-20,261.7613979014132,0.014391410158589834,122600.41142688847,Win
2018-11-13,Short,312,244.89469490312644,248.81345935666695,237.0571659960454,2018-11-20,237.0571659960454,0.0320036696188186,125045.72044589775,Win
2019-01-04,Short,1414,223.32401879427337,224.20796611751248,221.55612414779515,2019-01-07,224.20796611751248,-0.003958138170768847,123795.81893083765,Loss
2019-03-12,Long,358,251.7096997707656,248.2550221395082,258.6190550332804,2019-04-01,258.6190550332804,0.027449698079999335,126269.36811481795,Win
2019-05-20,Short,306,257.3482390020234,261.46125477087065,249.12220746432882,2019-06-03,249.12220746432882,0.03196459229561651,128786.53376535248,Win
2019-06-28,Long,837,266.356249022501,264.8176732015497,269.43340066440356,2019-07-01,269.43340066440356,0.01155276684213484,131362.10968962492,Win
2019-07-19,Long,432,273.14757951260293,270.1069545643566,279.22882940909557,2019-07-31,270.1069545643566,-0.011131802645558589,130048.55971198251,Loss
2019-08-12,Short,435,263.971043700708,266.95706521038665,257.99900068135065,2019-08-13,266.95706521038665,-0.011311928262344693,128749.64035527229,Loss
2019-08-15,Short,366,259.3463581117969,262.86032115959034,252.31843201621007,2019-08-16,262.86032115959034,-0.0135493055440503,127463.5298797799,Loss
2019-08-26,Short,255,261.5220956296705,266.52012715519174,251.52603257862802,2019-08-29,266.52012715519174,-0.01911131643958194,126189.03184077199,Loss
2019-10-08,Short,326,266.17779327299803,270.03731195540087,258.45875590819236,2019-10-11,270.03731195540087,-0.014499777141229905,124930.82875030866,Loss
2019-12-06,Long,385,287.2862064115757,284.04858034955737,293.7614585356123,2019-12-20,293.7614585356123,0.0225393770376847,127423.80081806275,Win
2020-02-05,Long,304,305.3798094066005,301.19801339312164,313.7434014335582,2020-02-24,301.19801339312164,-0.013693754088080387,126152.53482996518,Loss
2020-03-06,Short,89,269.4257073641197,283.50586508995093,241.2653919124573,2020-03-12,241.2653919124573,0.10451977922657808,128658.80290516313,Win
2020-04-02,Short,111,226.67219670390733,238.2003690100536,203.61585209161478,2020-04-06,238.2003690100536,-0.050858342901247196,127379.17577918089,Loss
2020-04-23,Long,384,259.3061077531656,255.99651455834243,265.9252941428119,2020-04-27,265.9252941428119,0.025526534824035572,129920.94335280507,Win
2020-05-06,Long,324,266.2859974829062,262.2829738679373,274.2920447128441,2020-05-13,262.2829738679373,-0.015032798017199128,128623.96370155514,Loss
2020-05-18,Long,118,270.91759797817065,260.0919627756472,292.5688683832176,2020-06-05,292.5688683832176,0.07991828720846517,131178.81360935068,Win
2020-06-17,Long,221,290.3500906586605,284.4333973227197,302.18347733054213,2020-06-24,284.4333973227197,-0.020377790558007956,129871.22438210776,Loss
2020-07-01,Long,243,287.4493516832136,282.1101762963418,298.12770245695714,2020-07-13,298.12770245695714,0.03714863405053607,132466.06362012745,Win
2020-07-28,Long,859,299.3903744004211,297.84895792558603,302.4732073500912,2020-07-30,297.84895792558603,-0.005148517142282841,131141.98686824413,Loss
2020-09-17,Short,148,309.72502362128466,318.5462700220384,292.08253081977716,2020-10-06,318.5462700220384,-0.028480896692221754,129836.44240093257,Loss
2020-10-23,Long,263,322.49691958897023,317.5746128866816,332.34153299354745,2020-10-26,317.5746128866816,-0.015263112306815835,128541.87573823066,Loss
2020-11-24,Long,258,335.8096089274794,330.83138907835473,345.7660486257288,2020-12-09,345.7660486257288,0.029649061353689662,131110.637180379,Win
2020-12-16,Long,360,344.76867375400104,341.1328791037592,352.04026305448474,2020-12-21,341.1328791037592,-0.010545606161527473,129801.75110629195,Loss
2020-12-24,Long,1612,344.6092630586231,343.8041175511873,346.2195540734948,2020-12-28,346.2195540734948,0.004672802467871396,132397.5402222651,Win
2021-01-06,Long,851,346.1353006445559,344.5811594764548,349.24358298075816,2021-01-07,349.24358298075816,0.008979963414347402,135042.6884903732,Win
2021-01-20,Long,330,356.80837306175,352.7264392445503,364.97224069614936,2021-01-27,352.7264392445503,-0.011440129003063657,133695.6503306973,Loss
2021-02-03,Long,233,358.05362630421786,352.32381763939856,369.51324363385646,2021-03-04,352.32381763939856,-0.016002655032324706,132360.6049117944,Loss
2021-03-23,Long,726,368.1214765299791,366.2992590398509,371.76591151023547,2021-03-24,366.2992590398509,-0.004950043956426971,131037.67501396131,Loss
2021-03-29,Long,339,370.460351679942,366.5997723246337,378.18151039055857,2021-04-05,378.18151039055857,0.020842064948659467,133655.14781686032,Win
2021-04-26,Long,305,392.1018705031073,387.7340532904559,400.8375049284101,2021-05-04,387.7340532904559,-0.011139495986201344,132322.96356700163,Loss
2021-05-07,Long,226,394.4031491281633,388.5700575548466,406.06933227479675,2021-05-11,388.5700575548466,-0.014789667846747413,131004.68487143205,Loss
2021-05-17,Long,631,390.1762547929354,388.10044914930353,394.3278660801992,2021-05-18,388.10044914930353,-0.00532017419853885,129694.85151030033,Loss
2021-05-21,Long,265,391.5664146596628,386.6821345014875,401.3349749760135,2021-06-25,401.3349749760135,0.0249473906612782,132283.51999413327,Win
2021-07-22,Long,376,409.6876395118079,406.1726832759716,416.71755198348046,2021-08-06,416.71755198348046,0.01715920080002791,134926.76708348215,Win
2021-08-23,Long,262,419.5072756439049,414.3712840843374,429.77925876303993,2021-09-20,414.3712840843374,-0.012242914146564544,133581.13729487546,Loss
2021-09-29,Short,291,411.4255947930306,416.01084179881366,402.2551007814645,2021-10-07,416.01084179881366,-0.011144778214611777,132246.8304161926,Loss
2021-10-12,Short,304,411.87944901309504,416.2187267344571,403.2008935703709,2021-10-14,416.2187267344571,-0.010535310105321875,130927.68998889852,Loss
2021-11-15,Long,305,443.0490367571835,438.7663690983288,451.61437207489286,2021-11-26,438.7663690983288,-0.009666351359661858,129621.47635294785,Loss
2021-12-16,Long,115,446.7644390434781,435.5803870123886,469.1325431056571,2021-12-17,435.5803870123886,-0.02503344280273186,128335.31036937256,Loss
2021-12-22,Long,208,439.0556800245572,432.9078539962676,451.35133208113643,2021-12-27,451.35133208113643,0.02800476708533075,130892.80599714104,Win
2022-01-13,Long,424,447.9734856231748,444.8902118282981,454.14003321292813,2022-01-14,444.8902118282981,-0.006882714923602097,129585.49790811334,Loss
2022-02-04,Short,206,423.4587777848124,429.7392298888471,410.89787357674305,2022-02-09,429.7392298888471,-0.014831318733995392,128291.7247746822,Loss
2022-02-11,Short,162,426.3617950929856,434.2360971482521,410.6131909824525,2022-02-18,410.6131909824525,0.03693718408118257,130842.99864058854,Win
2022-03-02,Short,287,410.1956944807002,414.7495434726037,401.08799649689314,2022-03-03,414.7495434726037,-0.011101649903148316,129536.04397991224,Loss
2022-03-07,Short,750,409.41775790728286,411.1443603337347,405.96455305437917,2022-03-08,405.96455305437917,0.008434428615296436,132125.94761959,Win
2022-04-22,Short,105,415.79060515140816,428.2573183922075,390.8571786698095,2022-05-02,390.8571786698095,0.05996630556988958,134743.95740015787,Win
2022-05-06,Short,101,391.228153441033,404.4562884235272,364.77188347604454,2022-05-20,364.77188347604454,0.06762363529386443,137416.0406666217,Win
2022-06-29,Short,120,364.3692063196341,375.7716379636104,341.5643430316815,2022-07-20,375.7716379636104,-0.03129362044380275,136047.74886934453,Loss
2022-07-28,Long,181,384.11553354942833,376.622229425215,399.10214179785504,2022-08-08,399.10214179785504,0.03901588699093372,138760.32496230977,Win
2022-08-26,Long,273,400.8415117585344,395.7759065035921,410.972722268419,2022-08-29,395.7759065035921,-0.012637426779274766,137377.4147277105,Loss
2022-09-14,Short,166,377.0236330739944,385.2718972813609,360.5271046592614,2022-09-22,360.5271046592614,0.04375462694534963,140115.8384445562,Win
2022-10-10,Short,156,349.2919577013395,358.2459970036233,331.383879096772,2022-10-18,358.2459970036233,-0.025634828128335795,138719.0083133999,Loss
2022-10-21,Short,191,350.40526696150266,357.65098631388133,335.9138282567453,2022-10-24,357.65098631388133,-0.020678111990750196,137335.0759170956,Loss
2022-11-08,Long,256,365.7508039416268,360.3956916309066,376.4610285630673,2022-11-09,360.3956916309066,-0.014641423212223234,135964.16716555122,Loss
2022-11-11,Long,142,379.64728182249047,370.0982163656045,398.7454127362624,2022-12-16,370.0982163656045,-0.02515246628672231,134608.19987067342,Loss
2023-01-23,Long,167,382.4800377769562,374.4393733263996,398.5613666780693,2023-02-01,398.5613666780693,0.042044884210378,137293.78179715932,Win
2023-02-14,Long,474,396.4788416851024,393.58656792415786,402.26338920699146,2023-02-16,393.58656792415786,-0.007294900652584332,135922.8440344716,Loss
2023-03-08,Short,224,384.09009935413815,390.1446962390005,371.98090558441345,2023-03-10,371.98090558441345,0.03152696148660629,138635.30343888994,Win
2023-03-20,Short,397,378.2104646120172,381.69454223042266,371.2423093752062,2023-03-21,381.69454223042266,-0.009212007451934413,137252.12462438297,Loss
2023-03-23,Short,191,382.3623122499542,389.5238874035855,368.0391619426916,2023-03-30,389.5238874035855,-0.018729814430428773,135884.2637700394,Loss
2023-04-28,Long,295,398.2339756004719,393.6369731115294,407.42798057835694,2023-05-04,393.6369731115294,-0.01154347135251576,134528.14803580137,Loss
2023-05-08,Long,321,399.6663268542383,395.47579589188126,408.04738877895244,2023-05-30,408.04738877895244,0.02097014774970212,137218.4689136346,Win
2023-06-28,Long,445,422.5989895883818,419.519751190468,428.7574663842094,2023-06-30,428.7574663842094,0.014572862092798781,139958.9910877779,Win
2023-07-11,Long,503,427.84445133494313,425.0663229671774,433.40070807047454,2023-07-12,433.40070807047454,0.012986628009770832,142753.78822575018,Win
2023-07-31,Long,298,444.319042149947,439.5398113376436,453.8775037745538,2023-08-02,439.5398113376436,-0.010756304274464418,141329.57744368375,Loss
2023-08-25,Short,222,426.1250545652829,432.4779373763765,413.4192889430957,2023-08-29,432.4779373763765,-0.014908493980891528,139919.23745962098,Loss
2023-09-12,Long,3000,434.1584069631142,433.6921045943852,435.09101170057215,2023-09-13,433.6921045943852,-0.0010740374048972218,138520.33035343405,Loss
2023-09-15,Long,1429,435.8750830305015,434.9063662355359,437.8125166204327,2023-09-18,434.9063662355359,-0.0022224642625368854,137136.03405342821,Loss
2023-10-16,Short,534,422.8906459728739,425.454332665196,417.7632725882298,2023-10-17,425.454332665196,-0.006062292265709034,135767.02535972823,Loss
2023-10-19,Short,329,420.0929432509383,424.216310779402,411.8462081940108,2023-10-20,411.8462081940108,0.019630739314755372,138480.20119345738,Win
2023-12-08,Long,1214,445.93505803646815,444.7945112463749,448.21615161665466,2023-12-11,448.21615161665466,0.005115304435203122,141249.4487998038,Win
2024-01-09,Long,404,461.8469550820588,458.3527528026961,468.8353596407842,2024-01-19,468.8353596407842,0.015131429322693544,144072.76424152884,Win
2024-02-02,Long,251,479.24933857263767,473.5235464242378,490.7009228694374,2024-02-09,490.7009228694374,0.023894835892536315,146947.11190002557,Win
2024-02-15,Long,307,488.6845761555904,483.898390159309,498.2569481481532,2024-02-21,483.898390159309,-0.009794018943535366,145477.75279916718,Loss
2024-02-23,Long,237,498.45250393209744,492.3353030771788,510.6869056419347,2024-03-20,510.6869056419347,0.024544769287594744,148377.30600439862,Win
2024-04-08,Long,294,509.70140146145394,504.6549983834538,519.7942076174543,2024-04-10,504.6549983834538,-0.009900704733262877,146893.66349946658,Loss
2024-04-12,Long,653,505.0084458605624,502.7601184459389,509.50510068980947,2024-04-15,502.7601184459389,-0.004452059035947918,145425.50569771742,Loss
2024-05-01,Short,181,492.2548745985235,500.285994271129,476.1926352533124,2024-05-03,500.285994271129,-0.016314962201553852,143971.87303697583,Loss
2024-05-28,Long,432,520.6190689749426,517.2908543324413,527.2754982599452,2024-05-29,517.2908543324413,-0.006392802032884176,142534.08431141527,Loss
2024-06-03,Long,136,519.391857928712,508.9257631871065,540.3240474119232,2024-06-28,540.3240474119232,0.04030134312595273,145380.86208113199,Win
2024-08-02,Short,77,527.6961705223001,546.5288047650866,490.03090203672707,2024-08-16,546.5288047650866,-0.035688404227278106,143930.74924443744,Loss
2024-09-12,Long,97,546.6666805747274,531.8429821458573,576.3140774324676,2024-10-14,576.3140774324676,0.05423304165267763,146806.54673963823,Win
2024-11-20,Long,234,583.2886727631445,577.0150082743982,595.8360017406372,2024-11-29,595.8360017406372,0.021511353748828597,149742.62172037154,Win
2024-12-12,Long,1403,599.2940800778147,598.2270948619083,601.4280505096274,2024-12-13,598.2270948619083,-0.001780403396889579,148245.64146245492,Loss
2025-01-08,Short,165,583.5864517434001,592.5578055433604,565.6437441434795,2025-01-17,592.5578055433604,-0.015372793136577056,146765.36808546146,Loss
2025-01-29,Long,228,598.4759021527152,592.0621119171008,611.3034826239441,2025-02-03,592.0621119171008,-0.010716872997800024,145303.02391174136,Loss
2025-02-05,Long,436,595.4226979994195,592.0918837004701,602.0843265973182,2025-02-07,602.0843265973182,0.01118806625995503,148207.49398042518,Win
2025-03-19,Short,682,557.9411591768904,560.1121055231899,553.5992664842914,2025-03-20,560.1121055231899,-0.003890995153507257,146726.9085722489,Loss
2025-03-21,Short,154,556.0897976294804,565.6138937221895,537.0416054440622,2025-03-24,565.6138937221895,-0.017126903124834805,145260.1977739717,Loss
2025-03-28,Short,272,562.304173568215,567.6434930945948,551.6255345154555,2025-03-31,551.6255345154555,0.018990858604153817,148164.7875963223,Win
2025-04-04,Short,61,520.6828811973194,544.844221821506,472.36019994894605,2025-04-09,544.844221821506,-0.04640317839646896,146690.94581824692,Loss
2025-04-11,Short,140,520.0266416001656,530.4568090591443,499.1663066822081,2025-04-14,530.4568090591443,-0.020056986747610195,145230.7223739899,Loss
2025-04-17,Short,142,524.6302516664327,534.8217778198467,504.2471993596048,2025-04-23,534.8217778198467,-0.01942611224008083,143783.5256602051,Loss
2025-05-28,Long,110,588.1856726822466,575.1305403861026,614.2959372745347,2025-06-27,614.2959372745347,0.04439119449003233,146655.6547653568,Win
2025-08-05,Long,236,630.0432104487703,623.8504160518278,642.4287992426554,2025-08-13,642.4287992426554,0.01965831642731773,149578.6537207137,Win
2025-08-25,Long,220,642.2593311060981,635.4881651988852,655.8016629205239,2025-09-02,635.4881651988852,-0.01054272873786294,148088.99722112686,Loss
2025-09-04,Long,375,642.6382997027142,638.6893051342267,650.5362888396892,2025-09-10,650.5362888396892,0.012289944655692919,151050.74314749247,Win
2025-09-29,Long,233,664.3599853515625,657.8800048828125,677.3199462890625,2025-10-10,657.8800048828125,-0.009753718784434252,149540.90769827372,Loss
2025-10-16,Long,189,666.8200073242188,658.9299926757812,682.6000366210938,2025-10-17,658.9299926757812,-0.011832300413567594,148049.69492971903,Loss
2025-10-20,Long,161,667.3200073242188,658.1400146484375,685.6799926757812,,,,,Loss
